{
  "description": {
    "title": "",
    "text": ""
  },
  "links_1": {
    "list_pages": false,
    "title": "INFORMAÇÕES",
    "list": [
      {
        "url": "https://www.usetrucco.com.br/pages/contato",
        "text": "FALE CONOSCO"
      },
      {
        "url": "https://www.usetrucco.com.br/pages/sobre-nos",
        "text": "SOBRE A TRUCCO"
      },
      {
        "url": "https://www.usetrucco.com.br/pages/compra-presencial",
        "text": "SHOWROOM SP"
      },
      {
        "text": "TROCAR OU DEVOLVER",
        "url": "https://form.typeform.com/to/U2Vxtgk3"
      },
      {
        "url": "mailto:cornershop@usetrucco.com.br",
        "text": "TORNE-SE REVENDEDORA"
      },
      {
        "url": "https://www.usetrucco.com.br/pages/regras-para-outlet",
        "text": "REGRAS PARA OUTLET"
      },
      {
        "text": "REGRAS SALE",
        "url": "https://www.usetrucco.com.br/pages/regras-para-sale"
      },
      {
        "url": "https://form.typeform.com/to/DGP3o41U",
        "text": "SOLICITAÇÃO DE REPAROS"
      },
      {
        "url": "https://www.usetrucco.com.br/pages/ajuste-de-barras",
        "text": "AJUSTE DE BARRAS"
      },
      {
        "url": "https://www.usetrucco.com.br/pages/entrega",
        "text": "SOBRE ENTREGAS"
      },
      {
        "text": "PRIVACIDADE",
        "url": "https://www.usetrucco.com.br/pages/privacidade"
      }
    ]
  },
  "links_2": {
    "list_categories": false,
    "title": "NAVEGAÇÃO",
    "list": []
  },
  "contacts": {
    "title": "CENTRAL DE ATENDIMENTO",
    "phone_wpp": true,
    "socials": true,
    "email": true,
    "address": true
  },
  "stamps": [
    {
      "src": "/img/uploads/ssl-safe.png",
      "alt": "Secure connection"
    }
  ],
  "payment_methods": {
    "bb": false,
    "visa": true,
    "boleto": true,
    "aura": false,
    "banrisul": false,
    "elo": true,
    "hipercard": false,
    "hsbc": false,
    "bradesco": true,
    "santander": false,
    "mastercard": true,
    "paypal": true,
    "citibank": false,
    "mais": false,
    "itau": false
  },
  "credits": ""
}