{
  "sections": [
    {
      "type": "breadcrumbs",
      "enabled": false
    },
    {
      "type": "product-block",
      "enabled": true
    },
    {
      "type": "custom-html",
      "html": "<div class=\"info-additional\"><ul>\n  <li>\n    <i>\n      <svg xmlns=\"http://www.w3.org/2000/svg\" width=\"24\" height=\"13\" viewBox=\"0 0 24 13\">\n        <defs>\n          <style>.new-text{fill:#f5f5f5;font-size:7px;font-family:FuturaBT-Bold, Futura Md BT;font-weight:700;letter-spacing:0.06em;}</style>\n        </defs>\n        <rect width=\"24\" height=\"13\"></rect>\n        <text class=\"new-text\" transform=\"translate(3 9)\">\n          <tspan x=\"0\" y=\"0\">NEW</tspan>\n        </text>\n      </svg>\n    </i>\n    <span>\n      <strong>Troca ou devolução, sem sair de casa!</strong>\n      <small>Válido para SP. Sujeito a taxa de serviço.</small>\n    </span>\n  </li>\n  <li>\n    <i>\n      <svg xmlns=\"http://www.w3.org/2000/svg\" width=\"21.554\" height=\"16.083\" viewBox=\"0 0 21.554 16.083\">\n        <defs>\n          <style>.change-arrow{fill:#858585;stroke:#f5f5f5;}</style>\n        </defs>\n        <g transform=\"translate(0.5 0.583)\">\n          <path class=\"change-arrow\" d=\"M3.868,7.489H19.719L18.2,8.879a.916.916,0,0,0,0,1.374,1.121,1.121,0,0,0,.758.284,1.153,1.153,0,0,0,.758-.284l3.324-3.047a.916.916,0,0,0,0-1.374L19.7,2.784a1.13,1.13,0,0,0-1.5,0,.916.916,0,0,0,0,1.374l1.516,1.389H3.868A1.032,1.032,0,0,0,2.8,6.526,1.019,1.019,0,0,0,3.868,7.489Z\" transform=\"translate(-2.8 -2.5)\"></path>\n          <path class=\"change-arrow\" d=\"M25.368,49.647H9.517l1.516-1.389a.916.916,0,0,0,0-1.374,1.13,1.13,0,0,0-1.5,0L6.21,49.932a.915.915,0,0,0-.31.695.939.939,0,0,0,.31.695l3.324,3.032a1.121,1.121,0,0,0,.758.284,1.153,1.153,0,0,0,.758-.284.916.916,0,0,0,0-1.374L9.534,51.589H25.368a.975.975,0,1,0,0-1.942Z\" transform=\"translate(-5.883 -39.637)\"></path>\n        </g>\n      </svg>\n    </i>\n    <span>\n        Aumentamos o prazo de trocas para 15 dias.\n    </span>\n  </li>\n  <li>\n    <i>\n      <svg xmlns=\"http://www.w3.org/2000/svg\" width=\"23.74\" height=\"15.249\" viewBox=\"0 0 23.74 15.249\">\n        <defs>\n          <style>.clock-a,.clock-b{fill:#858585;}.clock-b{stroke:#f5f5f5;stroke-width:0.5px;}</style>\n        </defs>\n        <g transform=\"translate(0 0.25)\">\n          <path class=\"clock-a\" d=\"M29.256,19.88l-1.22.007.044,5.68,4.016-.044-.007-1.216-2.8.037Zm-14.239.807h4.888V19.471H15.017Zm3.692,2.787H12.66v1.216h6.046V23.474Zm-3.692,5.215h4.888V27.473H15.017Z\" transform=\"translate(-12.66 -16.736)\"></path>\n          <g transform=\"translate(8.692)\">\n            <path class=\"clock-b\" d=\"M47.079,11.5a5.883,5.883,0,1,1-5.9,5.885,5.9,5.9,0,0,1,5.9-5.885m0-1.491a7.375,7.375,0,1,0,7.4,7.376,7.385,7.385,0,0,0-7.4-7.376Z\" transform=\"translate(-39.68 -10.01)\"></path>\n          </g>\n        </g>\n      </svg>\n    </i>\n    <span>\n      <strong>ENTREGA RELÂMPAGO POR MOTOBOY!</strong>\n        <small>Válido para compras de seg a sex aprovadas até 15h.</small></span>\n  </li>\n</ul></div>"
    },
    {
      "type": "product-specifications",
      "enabled": true
    },
    {
      "type": "product-description",
      "enabled": true
    },
    {
      "type": "related-products",
      "title": "Produtos relacionados"
    },
    {
      "type": "recommended-products",
      "title": "Quem comprou este produto, também comprou:"
    }
  ]
}